id_rute,id_asal,id_tujuan,jarak_km
R001,L003,L030,148.2
R002,L021,L031,210.0
R003,L000,L032,163.8
R004,L009,L033,180.7
R005,L006,L034,93.2
R006,L006,L035,83.8
R007,L017,L036,92.8
R008,L014,L037,189.6
R009,L008,L038,46.1
R010,L008,L039,36.5
R011,L019,L040,158.9
R012,L003,L041,61.8
R013,L011,L042,156.1
R014,L008,L043,43.9
R015,L022,L044,226.1
R016,L018,L045,72.3
R017,L002,L046,90.6
R018,L028,L047,98.2
R019,L014,L048,18.9
R020,L000,L049,134.5
R021,L021,L050,18.9
R022,L012,L051,19.8
R023,L013,L052,112.8
R024,L022,L053,168.9
R025,L018,L054,178.1
R026,L022,L055,197.3
R027,L019,L056,102.8
R028,L010,L057,229.8
R029,L022,L058,213.6
R030,L025,L059,151.7
R031,L029,L060,212.8
R032,L014,L061,161.1
R033,L002,L062,228.5
R034,L029,L063,197.1
R035,L003,L064,130.3
R036,L021,L065,182.2
R037,L024,L066,133.0
R038,L007,L067,265.5
R039,L004,L068,241.8
R040,L019,L069,76.0
R041,L011,L070,112.8
R042,L022,L071,257.2
R043,L010,L072,221.9
R044,L028,L073,94.3
R045,L015,L074,13.3
R046,L015,L075,36.0
R047,L015,L076,131.8
R048,L005,L077,82.6
R049,L011,L078,171.2
R050,L004,L079,144.7
R051,L012,L080,229.8
R052,L025,L081,34.4
R053,L017,L082,183.6
R054,L025,L083,88.1
R055,L014,L084,115.2
R056,L013,L085,70.6
R057,L007,L086,155.7
R058,L015,L087,110.5
R059,L010,L088,62.3
R060,L022,L089,167.5
R061,L025,L090,274.6
R062,L018,L091,221.5
R063,L017,L092,195.9
R064,L005,L093,187.2
R065,L002,L094,208.3
R066,L022,L095,162.9
R067,L015,L096,36.4
R068,L019,L097,132.3
R069,L017,L098,31.9
R070,L014,L099,53.4
R071,L012,L100,24.1
R072,L003,L101,193.5
R073,L019,L102,217.1
R074,L012,L103,95.0
R075,L020,L104,186.5
R076,L002,L105,64.8
R077,L004,L106,249.0
R078,L028,L107,212.6
R079,L025,L108,5.1
R080,L004,L109,186.7
R081,L014,L110,151.1
R082,L012,L111,174.3
R083,L014,L112,58.8
R084,L021,L113,246.3
R085,L009,L114,161.8
R086,L029,L115,191.9
R087,L029,L116,264.4
R088,L013,L117,202.4
R089,L029,L118,99.7
R090,L002,L119,165.2
R091,L019,L120,276.3
R092,L012,L121,238.1
R093,L027,L122,85.9
R094,L011,L123,252.8
R095,L001,L124,5.2
R096,L017,L125,230.7
R097,L011,L126,35.2
R098,L009,L127,243.1
R099,L007,L128,123.7
R100,L018,L129,113.4
R101,L010,L130,200.7
R102,L012,L131,109.9
R103,L017,L132,63.1
R104,L005,L133,135.6
R105,L006,L134,157.7
R106,L026,L135,259.2
R107,L026,L136,119.7
R108,L009,L137,279.3
R109,L021,L138,39.5
R110,L000,L139,24.7
R111,L000,L140,44.6
R112,L028,L141,138.8
R113,L013,L142,273.1
R114,L004,L143,28.3
R115,L020,L144,226.6
R116,L027,L145,130.4
R117,L025,L146,196.2
R118,L029,L147,122.1
R119,L005,L148,130.0
R120,L013,L149,156.8
R121,L014,L150,110.8
R122,L007,L151,56.1
R123,L019,L152,7.0
R124,L015,L153,237.9
R125,L007,L154,200.8
R126,L008,L155,118.0
R127,L017,L156,163.5
R128,L001,L157,274.0
R129,L018,L158,137.9
R130,L011,L159,36.1
R131,L015,L160,269.5
R132,L002,L161,44.1
R133,L023,L162,149.8
R134,L027,L163,275.5
R135,L024,L164,81.8
R136,L016,L165,26.5
R137,L028,L166,172.8
R138,L007,L167,134.9
R139,L023,L168,187.5
R140,L021,L169,26.5
R141,L020,L170,153.3
R142,L018,L171,90.9
R143,L001,L172,253.5
R144,L017,L173,219.1
R145,L015,L174,129.9
R146,L028,L175,134.0
R147,L023,L176,96.2
R148,L011,L177,269.2
R149,L025,L178,86.0
R150,L005,L179,14.7
R151,L029,L180,169.4
R152,L009,L181,204.9
R153,L018,L182,76.6
R154,L020,L183,135.1
R155,L005,L184,162.5
R156,L021,L185,277.4
R157,L025,L186,207.8
R158,L000,L187,83.9
R159,L002,L188,39.9
R160,L002,L189,239.1
R161,L008,L190,74.3
R162,L019,L191,82.3
R163,L027,L192,75.7
R164,L023,L193,35.7
R165,L005,L194,255.3
R166,L023,L195,46.6
R167,L014,L196,106.7
R168,L005,L197,76.8
R169,L022,L198,70.0
R170,L005,L199,224.8
R171,L027,L200,14.1
R172,L002,L201,271.0
R173,L019,L202,261.8
R174,L004,L203,235.3
R175,L024,L204,278.2
R176,L024,L205,110.4
R177,L021,L206,126.1
R178,L020,L207,51.0
R179,L018,L208,206.9
R180,L011,L209,19.9
R181,L008,L210,212.8
R182,L003,L211,19.4
R183,L014,L212,114.7
R184,L009,L213,136.0
R185,L024,L214,258.7
R186,L007,L215,109.4
R187,L022,L216,112.3
R188,L008,L217,44.9
R189,L027,L218,124.6
R190,L009,L219,260.0
R191,L014,L220,110.1
R192,L010,L221,269.5
R193,L021,L222,267.9
R194,L003,L223,257.4
R195,L020,L224,102.3
R196,L027,L225,123.7
R197,L029,L226,184.3
R198,L008,L227,97.1
R199,L008,L228,225.6
R200,L008,L229,184.9
R201,L012,L230,131.8
R202,L021,L231,211.0
R203,L023,L232,189.8
R204,L024,L233,58.6
R205,L010,L234,191.4
R206,L005,L235,91.1
R207,L000,L236,190.0
R208,L026,L237,23.7
R209,L013,L238,31.9
R210,L003,L239,193.5
R211,L011,L240,65.3
R212,L009,L241,74.3
R213,L001,L242,11.5
R214,L002,L243,20.6
R215,L019,L244,185.6
R216,L026,L245,64.6
R217,L019,L246,180.5
R218,L022,L247,268.4
R219,L002,L248,240.5
R220,L004,L249,108.4
R221,L024,L250,252.5
R222,L018,L251,225.9
R223,L005,L252,251.4
R224,L022,L253,55.7
R225,L009,L254,133.4
R226,L029,L255,25.8
R227,L014,L256,258.7
R228,L008,L257,216.6
R229,L022,L258,253.4
R230,L024,L259,216.8
R231,L008,L260,49.5
R232,L002,L261,81.3
R233,L001,L262,110.3
R234,L010,L263,278.9
R235,L008,L264,267.8
R236,L008,L265,53.9
R237,L002,L266,140.2
R238,L029,L267,60.2
R239,L012,L268,54.1
R240,L015,L269,34.8
R241,L017,L270,216.4
R242,L006,L271,173.8
R243,L003,L272,256.0
R244,L022,L273,76.2
R245,L001,L274,25.1
R246,L018,L275,205.1
R247,L024,L276,127.6
R248,L028,L277,141.9
R249,L020,L278,181.1
R250,L029,L279,15.4
R251,L012,L280,78.3
R252,L022,L281,95.7
R253,L012,L282,163.0
R254,L016,L283,199.6
R255,L024,L284,139.9
R256,L013,L285,116.1
R257,L023,L286,219.8
R258,L025,L287,24.3
R259,L007,L288,5.9
R260,L022,L289,229.9
R261,L015,L290,38.3
R262,L017,L291,262.1
R263,L011,L292,96.7
R264,L009,L293,115.2
R265,L020,L294,279.2
R266,L020,L295,29.9
R267,L017,L296,239.7
R268,L010,L297,27.1
R269,L014,L298,214.1
R270,L009,L299,183.1
R271,L005,L300,157.5
R272,L012,L301,186.7
R273,L009,L302,196.4
R274,L028,L303,34.4
R275,L022,L304,103.8
R276,L002,L305,248.4
R277,L014,L306,207.2
R278,L004,L307,14.8
R279,L000,L308,202.9
R280,L018,L309,70.6
R281,L012,L310,22.3
R282,L017,L311,181.9
R283,L015,L312,151.8
R284,L026,L313,228.2
R285,L000,L314,15.2
R286,L001,L315,97.9
R287,L023,L316,16.8
R288,L003,L317,63.2
R289,L020,L318,188.5
R290,L014,L319,263.5
R291,L027,L320,245.4
R292,L004,L321,208.8
R293,L007,L322,259.3
R294,L001,L323,207.3
R295,L015,L324,184.8
R296,L015,L325,254.5
R297,L019,L326,17.6
R298,L022,L327,183.4
R299,L000,L328,52.4
R300,L001,L329,253.8
R301,L026,L330,223.3
R302,L014,L331,173.1
R303,L026,L332,167.5
R304,L026,L333,229.8
R305,L003,L334,141.7
R306,L025,L335,174.3
R307,L002,L336,226.2
R308,L013,L337,97.8
R309,L026,L338,275.1
R310,L021,L339,115.6
R311,L003,L340,273.4
R312,L018,L341,155.1
R313,L010,L342,235.0
R314,L025,L343,63.6
R315,L001,L344,168.1
R316,L010,L345,22.4
R317,L008,L346,43.8
R318,L013,L347,51.2
R319,L011,L348,157.2
R320,L014,L349,72.0
R321,L018,L350,16.2
R322,L003,L351,222.5
R323,L020,L352,173.4
R324,L024,L353,48.4
R325,L028,L354,138.9
R326,L000,L355,7.0
R327,L029,L356,29.5
R328,L020,L357,168.3
R329,L009,L358,119.5
R330,L025,L359,222.9
R331,L015,L360,195.4
R332,L006,L361,44.3
R333,L008,L362,148.8
R334,L013,L363,70.8
R335,L005,L364,172.9
R336,L001,L365,169.0
R337,L022,L366,142.5
R338,L002,L367,177.5
R339,L025,L368,87.8
R340,L013,L369,6.3
R341,L007,L370,57.8
R342,L016,L371,273.6
R343,L019,L372,104.5
R344,L024,L373,276.4
R345,L016,L374,65.3
R346,L024,L375,177.3
R347,L006,L376,81.0
R348,L006,L377,36.0
R349,L004,L378,193.4
R350,L029,L379,135.5
R351,L005,L380,48.9
R352,L029,L381,16.9
R353,L020,L382,105.2
R354,L006,L383,124.5
R355,L010,L384,174.6
R356,L028,L385,213.6
R357,L001,L386,33.7
R358,L001,L387,259.3
R359,L005,L388,48.5
R360,L000,L389,138.4
R361,L003,L390,24.5
R362,L007,L391,203.4
R363,L018,L392,164.4
R364,L013,L393,59.7
R365,L021,L394,252.1
R366,L007,L395,219.2
R367,L010,L396,67.6
R368,L007,L397,207.9
R369,L027,L398,60.0
R370,L028,L399,65.7
R371,L015,L400,165.9
R372,L001,L401,249.9
R373,L004,L402,64.4
R374,L019,L403,130.1
R375,L012,L404,107.7
R376,L014,L405,203.0
R377,L020,L406,103.6
R378,L008,L407,60.6
R379,L004,L408,13.8
R380,L018,L409,21.4
R381,L004,L410,35.6
R382,L014,L411,131.1
R383,L005,L412,214.1
R384,L007,L413,248.8
R385,L019,L414,48.1
R386,L025,L415,180.4
R387,L019,L416,254.0
R388,L018,L417,271.8
R389,L027,L418,68.2
R390,L013,L419,240.7
R391,L015,L420,242.1
R392,L006,L421,167.7
R393,L026,L422,132.3
R394,L000,L423,205.8
R395,L023,L424,245.0
R396,L007,L425,95.0
R397,L018,L426,66.2
R398,L029,L427,167.7
R399,L004,L428,256.3
R400,L028,L429,6.4
R401,L001,L430,16.0
R402,L015,L431,206.7
R403,L016,L432,14.2
R404,L016,L433,113.4
R405,L025,L434,224.5
R406,L026,L435,31.9
R407,L015,L436,71.1
R408,L017,L437,212.1
R409,L022,L438,206.2
R410,L006,L439,41.5
R411,L009,L440,70.7
R412,L002,L441,9.4
R413,L021,L442,88.8
R414,L022,L443,131.3
R415,L018,L444,210.5
R416,L000,L445,273.5
R417,L014,L446,217.3
R418,L027,L447,198.4
R419,L005,L448,222.2
R420,L011,L449,177.4
R421,L022,L450,179.2
R422,L027,L451,177.5
R423,L012,L452,250.7
R424,L010,L453,151.0
R425,L009,L454,122.1
R426,L008,L455,197.0
R427,L019,L456,154.2
R428,L025,L457,62.0
R429,L021,L458,27.3
R430,L028,L459,97.3
R431,L029,L460,20.1
R432,L029,L461,190.5
R433,L028,L462,19.2
R434,L012,L463,105.5
R435,L019,L464,16.2
R436,L011,L465,53.2
R437,L017,L466,198.8
R438,L017,L467,200.1
R439,L006,L468,43.1
R440,L010,L469,70.6
R441,L003,L470,183.5
R442,L023,L471,263.3
R443,L018,L472,244.6
R444,L022,L473,62.7
R445,L023,L474,214.2
R446,L010,L475,102.0
R447,L008,L476,143.5
R448,L013,L477,81.2
R449,L002,L478,107.5
R450,L014,L479,138.7
R451,L016,L480,233.1
R452,L015,L481,200.2
R453,L021,L482,232.0
R454,L028,L483,85.4
R455,L019,L484,106.2
R456,L021,L485,265.0
R457,L025,L486,274.0
R458,L028,L487,23.0
R459,L028,L488,248.1
R460,L002,L489,27.0
R461,L028,L490,54.2
R462,L002,L491,35.1
R463,L008,L492,35.8
R464,L004,L493,141.5
R465,L027,L494,61.2
R466,L020,L495,11.2
R467,L013,L496,271.6
R468,L017,L497,261.2
R469,L015,L498,100.3
R470,L014,L499,207.9
R471,L010,L150,57.0
R472,L011,L447,225.5
R473,L427,L486,147.9
R474,L171,L211,164.1
R475,L335,L330,221.4
R476,L248,L304,188.1
R477,L271,L432,155.8
R478,L234,L155,161.0
R479,L459,L404,89.3
R480,L404,L133,67.4
R481,L190,L498,84.2
R482,L432,L024,45.8
R483,L145,L234,268.0
R484,L316,L474,49.2
R485,L274,L146,55.1
R486,L089,L430,199.7
R487,L463,L341,223.5
R488,L082,L122,37.2
R489,L162,L295,39.8
R490,L133,L190,55.7
R491,L287,L363,14.5
R492,L162,L177,45.7
R493,L229,L277,273.3
R494,L273,L154,38.4
R495,L012,L208,261.0
R496,L393,L074,265.6
R497,L475,L163,47.9
R498,L496,L378,155.2
R499,L259,L169,183.0
R500,L151,L243,251.4
R501,L496,L483,212.4
R502,L293,L342,45.4
R503,L289,L374,254.4
R504,L226,L173,194.5
R505,L374,L245,252.5
R506,L071,L348,156.5
R507,L157,L012,115.4
R508,L430,L112,127.6
R509,L047,L168,20.1
R510,L328,L099,165.4
R511,L113,L401,262.3
R512,L142,L100,11.2
R513,L275,L435,127.5
R514,L343,L491,29.0
R515,L262,L201,58.5
R516,L162,L309,171.4
R517,L483,L028,254.8
R518,L184,L204,45.7
R519,L437,L218,106.6
R520,L190,L006,83.3
R521,L179,L157,273.8
R522,L447,L287,29.1
R523,L372,L455,127.2
R524,L212,L412,126.7
R525,L083,L413,205.2
R526,L459,L217,205.4
R527,L212,L071,234.8
R528,L306,L044,44.5
R529,L155,L244,276.8
R530,L268,L171,23.2
R531,L491,L302,212.9
R532,L045,L003,117.6
R533,L468,L139,119.0
R534,L284,L236,200.3
R535,L386,L469,42.7
R536,L095,L427,110.0
R537,L283,L251,16.6
R538,L423,L154,234.5
R539,L155,L253,158.8
R540,L237,L114,12.4
R541,L001,L079,77.2
R542,L489,L327,234.4
R543,L241,L063,184.8
R544,L457,L147,119.7
R545,L251,L465,194.2
R546,L125,L014,37.8
R547,L141,L253,278.4
R548,L034,L307,210.0
R549,L297,L246,160.5
R550,L444,L132,177.7
R551,L243,L499,195.9
R552,L061,L192,145.9
R553,L294,L008,237.5
R554,L083,L298,21.1
R555,L163,L237,246.5
R556,L069,L183,49.9
R557,L139,L185,120.4
R558,L466,L490,102.9
R559,L148,L150,150.6
R560,L479,L039,146.3
R561,L392,L321,55.4
R562,L048,L307,212.0
R563,L278,L165,244.9
R564,L423,L433,193.4
R565,L154,L138,193.5
R566,L352,L185,31.4
R567,L296,L180,231.4
R568,L006,L071,147.5
R569,L190,L399,138.3
R570,L174,L472,255.5
R571,L052,L112,47.5
R572,L113,L426,56.8
R573,L459,L286,173.7
R574,L425,L488,149.6
R575,L272,L365,156.6
R576,L387,L411,36.3
R577,L235,L470,26.0
R578,L419,L067,258.9
R579,L245,L178,90.7
R580,L185,L071,229.7
R581,L455,L305,148.9
R582,L496,L175,52.4
R583,L155,L014,209.7
R584,L060,L114,40.4
R585,L355,L072,194.2
R586,L157,L064,62.7
R587,L040,L218,195.0
R588,L401,L057,26.4
R589,L396,L247,213.3
R590,L021,L101,34.6
R591,L406,L337,146.2
R592,L030,L241,37.7
R593,L129,L022,23.2
R594,L341,L005,212.5
R595,L400,L063,258.0
R596,L105,L301,252.8
R597,L094,L344,101.7
R598,L046,L075,237.6
R599,L482,L142,265.9
R600,L178,L181,49.2
R601,L256,L400,205.4
R602,L123,L259,161.8
R603,L050,L420,164.0
R604,L007,L271,64.7
R605,L098,L494,82.5
R606,L461,L386,152.7
R607,L498,L371,32.1
R608,L109,L472,143.7
R609,L362,L243,105.8
R610,L301,L094,125.9
R611,L490,L054,54.7
R612,L181,L195,121.6
R613,L263,L116,117.1
R614,L389,L160,39.0
R615,L056,L267,42.4
R616,L390,L184,198.8
R617,L285,L370,16.2
R618,L167,L253,36.8
R619,L307,L377,90.8
R620,L499,L430,127.1
R621,L283,L208,84.9
R622,L437,L219,56.9
R623,L035,L459,236.3
R624,L243,L481,191.8
R625,L091,L006,279.6
R626,L251,L345,33.9
R627,L224,L268,186.1
R628,L043,L062,44.4
R629,L205,L356,167.4
R630,L052,L380,259.5
R631,L086,L033,105.0
R632,L101,L174,60.1
R633,L432,L206,38.8
R634,L429,L217,204.4
R635,L142,L392,201.2
R636,L297,L304,80.1
R637,L404,L411,182.1
R638,L204,L182,135.9
R639,L308,L487,116.2
R640,L248,L262,81.7
R641,L393,L232,34.7
R642,L128,L251,141.8
R643,L321,L483,42.0
R644,L050,L378,19.5
R645,L034,L256,191.5
R646,L497,L091,110.2
R647,L347,L167,47.0
R648,L318,L320,31.5
R649,L039,L339,211.7
R650,L392,L252,223.0
R651,L103,L151,187.1
R652,L251,L259,77.0
R653,L175,L415,241.4
R654,L279,L009,267.0
R655,L016,L221,247.0
R656,L060,L197,128.8
R657,L436,L192,126.7
R658,L018,L016,53.6
R659,L337,L441,219.3
R660,L452,L361,50.1
R661,L220,L068,90.9
R662,L199,L250,215.1
R663,L291,L346,139.9
R664,L283,L351,153.3
R665,L240,L244,159.6
R666,L080,L260,20.3
R667,L134,L254,167.5
R668,L193,L316,191.0
R669,L392,L145,93.1
R670,L014,L303,17.4
R671,L428,L187,100.9
R672,L379,L298,12.4
R673,L456,L320,98.8
R674,L049,L220,99.9
R675,L182,L211,101.6
R676,L338,L125,73.1
R677,L331,L159,167.9
R678,L466,L352,23.0
R679,L156,L058,97.8
R680,L010,L276,94.7
R681,L235,L337,242.4
R682,L290,L263,252.9
R683,L136,L010,196.4
R684,L301,L011,276.1
R685,L193,L293,112.3
R686,L293,L050,227.3
R687,L051,L354,190.7
R688,L172,L255,143.3
R689,L391,L341,98.4
R690,L314,L153,104.9
R691,L223,L103,141.7
R692,L433,L499,221.5
R693,L430,L436,152.4
R694,L147,L135,18.1
R695,L293,L205,226.3
R696,L319,L381,268.4
R697,L367,L433,164.0
R698,L303,L172,80.2
R699,L290,L411,151.0
R700,L218,L107,100.5
R701,L039,L334,231.5
R702,L258,L412,87.5
R703,L339,L276,91.2
R704,L212,L205,74.1
R705,L263,L232,189.7
R706,L280,L092,247.2
R707,L321,L361,147.0
R708,L095,L296,142.3
R709,L338,L493,231.6
R710,L480,L239,78.7
R711,L326,L272,227.5
R712,L436,L393,254.4
R713,L478,L289,204.8
R714,L030,L268,60.2
R715,L236,L075,71.1
R716,L382,L350,215.5
R717,L432,L222,117.8
R718,L440,L425,255.6
R719,L324,L104,237.6
R720,L136,L422,83.9
R721,L082,L132,193.9
R722,L120,L208,70.6
R723,L076,L099,12.6
R724,L408,L424,90.4
R725,L248,L287,277.6
R726,L216,L332,254.1
R727,L103,L081,80.0
R728,L014,L133,222.2
R729,L142,L338,156.4
R730,L329,L437,16.6
R731,L369,L248,220.1
R732,L028,L441,251.5
R733,L160,L309,86.9
R734,L032,L462,267.6
R735,L459,L186,189.7
R736,L453,L046,114.1
R737,L429,L370,236.8
R738,L120,L057,162.0
R739,L256,L478,38.2
R740,L340,L425,164.6
R741,L396,L477,149.4
R742,L254,L453,29.8
R743,L307,L062,217.6
R744,L160,L169,233.9
R745,L377,L199,226.6
R746,L380,L120,262.3
R747,L111,L073,34.4
R748,L109,L497,80.5
R749,L209,L130,242.3
R750,L028,L252,151.7
R751,L358,L486,36.1
R752,L279,L216,135.6
R753,L126,L494,81.4
R754,L401,L480,44.9
R755,L243,L367,106.1
R756,L157,L010,182.5
R757,L463,L310,14.6
R758,L378,L339,224.7
R759,L027,L354,257.3
R760,L343,L122,74.6
R761,L196,L158,180.7
R762,L358,L185,253.4
R763,L350,L062,152.1
R764,L121,L440,126.7
R765,L004,L466,269.2
R766,L474,L469,75.3
R767,L046,L480,231.2
R768,L120,L153,62.9
R769,L455,L082,256.9
R770,L323,L162,246.9
R771,L392,L329,116.7
R772,L017,L141,243.3
R773,L421,L399,263.6
R774,L241,L378,118.6
R775,L430,L170,202.3
R776,L448,L471,230.6
R777,L422,L082,197.1
R778,L259,L033,101.8
R779,L308,L374,228.7
R780,L377,L167,129.6
R781,L014,L391,19.3
R782,L328,L094,178.3
R783,L405,L328,42.4
R784,L205,L102,177.8
R785,L160,L295,27.6
R786,L080,L128,147.0
R787,L496,L393,233.4
R788,L390,L066,237.9
R789,L351,L210,223.0
R790,L163,L232,136.6
R791,L376,L068,76.7
R792,L351,L303,232.4
R793,L409,L144,59.6
R794,L212,L188,55.0
R795,L448,L193,264.8
R796,L452,L292,66.7
R797,L485,L011,258.9
R798,L331,L313,177.3
R799,L464,L045,272.9
R800,L101,L135,197.8
R801,L086,L025,115.3
R802,L219,L308,76.5
R803,L045,L491,106.2
R804,L484,L290,37.3
R805,L367,L269,124.7
R806,L471,L476,129.8
R807,L344,L253,37.6
R808,L365,L104,57.4
R809,L441,L416,220.1
R810,L147,L383,140.9
R811,L066,L221,240.5
R812,L307,L110,278.7
R813,L144,L373,191.2
R814,L214,L092,117.3
R815,L074,L014,84.8
R816,L134,L120,174.9
R817,L464,L127,106.7
R818,L350,L331,131.0
R819,L005,L241,41.6
R820,L165,L499,195.6
R821,L351,L108,201.2
R822,L362,L216,207.4
R823,L131,L037,31.2
R824,L030,L026,96.5
R825,L120,L242,254.8
R826,L310,L481,189.5
R827,L410,L306,200.1
R828,L414,L023,6.5
R829,L258,L318,109.8
R830,L202,L344,107.0
R831,L495,L456,158.9
R832,L297,L091,76.6
R833,L257,L252,260.8
R834,L449,L239,41.3
R835,L162,L364,150.9
R836,L072,L134,37.1
R837,L022,L066,142.3
R838,L498,L427,82.3
R839,L184,L475,123.3
R840,L462,L448,77.4
R841,L424,L389,259.8
R842,L264,L160,124.8
R843,L084,L162,207.6
R844,L251,L392,266.3
R845,L284,L437,258.8
R846,L325,L409,126.0
R847,L096,L076,20.0
R848,L093,L018,134.3
R849,L083,L362,133.5
R850,L059,L459,260.0
R851,L020,L227,103.0
R852,L363,L287,138.4
R853,L252,L057,237.6
R854,L443,L075,39.0
R855,L047,L105,243.7
R856,L092,L428,51.3
R857,L260,L422,80.0
R858,L456,L339,166.1
R859,L298,L498,6.1
R860,L392,L292,54.7
R861,L471,L039,72.7
R862,L255,L347,30.9
R863,L168,L013,83.2
R864,L348,L062,113.4
R865,L302,L476,266.6
R866,L428,L165,47.3
R867,L041,L236,233.4
R868,L337,L245,129.9
R869,L489,L137,168.4
R870,L002,L169,271.7
R871,L335,L318,266.5
R872,L166,L486,206.2
R873,L375,L465,268.3
R874,L291,L066,63.1
R875,L024,L411,182.0
R876,L165,L409,20.3
R877,L036,L281,266.8
R878,L195,L047,114.7
R879,L091,L123,270.4
R880,L443,L204,29.5
R881,L436,L106,49.8
R882,L399,L206,83.4
R883,L385,L489,184.9
R884,L061,L153,140.0
R885,L221,L377,226.7
R886,L158,L463,193.4
R887,L067,L184,188.0
R888,L426,L188,146.0
R889,L250,L228,248.5
R890,L243,L137,159.8
R891,L216,L046,213.0
R892,L415,L188,173.8
R893,L222,L323,122.2
R894,L020,L263,99.0
R895,L237,L347,66.7
R896,L351,L366,47.6
R897,L253,L270,178.1
R898,L268,L042,84.9
R899,L223,L040,254.5
R900,L244,L153,45.9
R901,L065,L351,253.3
R902,L430,L127,148.9
R903,L151,L292,18.1
R904,L039,L470,17.4
R905,L055,L262,121.9
R906,L048,L238,186.7
R907,L291,L417,74.7
R908,L130,L300,27.5
R909,L257,L008,36.3
R910,L338,L236,54.4
R911,L093,L432,113.1
R912,L042,L214,246.1
R913,L152,L161,166.5
R914,L232,L388,189.3
R915,L319,L414,77.9
R916,L494,L470,244.6
R917,L095,L109,55.9
R918,L382,L309,76.3
R919,L344,L054,124.3
R920,L009,L002,113.6
R921,L006,L088,185.3
R922,L235,L355,116.4
R923,L336,L495,209.7
R924,L371,L249,88.3
R925,L416,L499,174.6
R926,L353,L344,269.9
R927,L345,L202,226.3
R928,L044,L065,42.2
R929,L097,L057,229.4
R930,L356,L497,56.8
R931,L013,L108,137.3
R932,L074,L333,71.5
R933,L431,L320,241.0
R934,L275,L097,28.7
R935,L394,L237,45.7
R936,L216,L011,37.0
R937,L462,L078,208.2
R938,L227,L494,138.4
R939,L010,L441,128.6
R940,L124,L103,86.1
R941,L424,L427,112.7
R942,L170,L004,33.2
R943,L433,L365,123.7
R944,L212,L435,141.3
R945,L296,L306,206.0
R946,L148,L018,139.1
R947,L248,L263,167.5
R948,L313,L479,191.6
R949,L418,L445,139.2
R950,L365,L031,150.3
R951,L216,L296,91.9
R952,L032,L138,250.5
R953,L213,L456,135.2
R954,L253,L319,263.2
R955,L177,L230,196.8
R956,L010,L083,84.2
R957,L098,L241,99.6
R958,L118,L260,65.4
R959,L465,L350,98.3
R960,L308,L437,236.7
R961,L336,L239,41.1
R962,L150,L371,200.6
R963,L491,L213,234.1
R964,L344,L334,207.0
R965,L407,L241,224.9
R966,L432,L082,176.0
R967,L144,L354,211.0
R968,L341,L247,40.5
R969,L102,L080,171.6
R970,L051,L407,119.4
R971,L252,L155,69.5
R972,L285,L024,279.8
R973,L183,L452,76.7
R974,L346,L081,53.0
R975,L440,L458,143.5
R976,L413,L032,97.9
R977,L058,L317,67.3
R978,L287,L114,138.8
R979,L174,L402,102.7
R980,L023,L395,246.4
R981,L136,L459,46.6
R982,L353,L448,146.7
R983,L342,L053,199.3
R984,L474,L485,125.4
R985,L234,L493,236.4
R986,L056,L054,220.0
R987,L312,L401,241.1
R988,L052,L422,159.7
R989,L259,L053,50.9
R990,L060,L446,61.5
R991,L185,L080,205.3
R992,L362,L226,214.5
R993,L255,L376,244.4
R994,L078,L332,105.0
R995,L419,L070,38.8
R996,L103,L225,271.7
R997,L393,L394,6.8
R998,L427,L414,135.3
R999,L146,L259,52.1
R1000,L136,L191,201.7
R1001,L212,L184,178.1
R1002,L125,L077,212.1
R1003,L271,L215,221.5
R1004,L070,L411,122.9
R1005,L470,L209,252.0
R1006,L487,L436,146.9
R1007,L349,L185,264.5
R1008,L226,L074,216.8
R1009,L367,L413,147.3
R1010,L035,L044,98.0
R1011,L205,L396,50.2
R1012,L031,L202,213.8
R1013,L338,L473,181.4
R1014,L462,L294,20.9
R1015,L323,L366,224.7
R1016,L448,L266,272.5
R1017,L214,L205,248.6
R1018,L358,L283,245.2
R1019,L369,L381,91.3
R1020,L176,L004,232.4
R1021,L460,L270,172.9
R1022,L075,L359,116.1
R1023,L329,L105,249.1
R1024,L319,L404,175.0
R1025,L226,L358,99.9
R1026,L415,L400,183.4
R1027,L397,L101,247.3
R1028,L043,L018,152.8
R1029,L199,L372,202.7
R1030,L450,L064,148.1
R1031,L276,L145,63.8
R1032,L261,L283,90.9
R1033,L174,L388,179.8
R1034,L011,L015,249.8
R1035,L276,L304,76.1
R1036,L426,L396,88.6
R1037,L216,L259,35.4
R1038,L030,L431,107.6
R1039,L321,L259,102.5
R1040,L024,L388,184.0
R1041,L063,L230,86.9
R1042,L377,L002,129.6
R1043,L120,L413,210.1
R1044,L297,L289,201.5
R1045,L480,L321,188.0
R1046,L432,L304,69.3
R1047,L153,L145,188.4
R1048,L417,L366,162.5
R1049,L071,L366,108.9
R1050,L377,L126,33.9
R1051,L264,L299,58.0
R1052,L398,L184,129.9
R1053,L075,L365,122.1
R1054,L210,L041,30.4
R1055,L217,L455,40.8
R1056,L109,L229,26.5
R1057,L346,L269,115.8
R1058,L286,L265,219.2
R1059,L446,L135,165.7
R1060,L325,L216,279.0
R1061,L352,L477,265.7
R1062,L374,L499,119.7
R1063,L083,L073,144.1
R1064,L248,L365,130.9
R1065,L495,L360,146.1
R1066,L270,L060,196.0
R1067,L233,L243,14.0
R1068,L080,L484,158.7
R1069,L471,L488,37.7
R1070,L436,L209,35.3
R1071,L189,L293,84.6
R1072,L267,L078,37.4
R1073,L156,L192,88.4
R1074,L248,L014,222.6
R1075,L072,L402,167.1
R1076,L024,L480,250.9
R1077,L455,L145,64.3
R1078,L419,L378,139.4
R1079,L062,L281,100.9
R1080,L445,L022,119.8
R1081,L293,L158,160.6
R1082,L460,L172,219.9
R1083,L243,L428,203.0
R1084,L310,L067,214.5
R1085,L258,L326,131.8
R1086,L230,L342,128.5
R1087,L443,L372,94.4
R1088,L409,L319,187.7
R1089,L209,L198,69.0
R1090,L202,L173,153.8
R1091,L490,L343,249.8
R1092,L376,L142,182.6
R1093,L443,L084,199.5
R1094,L292,L323,223.9
R1095,L362,L158,159.3
R1096,L063,L330,158.8
R1097,L098,L490,175.1
R1098,L295,L388,19.5
R1099,L291,L267,57.1
R1100,L243,L258,251.6
R1101,L061,L338,262.4
R1102,L092,L493,10.2
R1103,L402,L105,72.5
R1104,L361,L430,249.1
R1105,L227,L043,226.9
R1106,L310,L164,115.5
R1107,L023,L252,242.0
R1108,L011,L175,125.2
R1109,L212,L012,241.4
R1110,L162,L196,75.7
R1111,L058,L050,154.0
R1112,L146,L073,55.2
R1113,L393,L045,47.4
R1114,L487,L208,191.6
R1115,L030,L315,269.3
R1116,L092,L013,201.2
R1117,L152,L200,32.2
R1118,L072,L212,250.6
R1119,L132,L193,263.9
R1120,L460,L061,19.3
R1121,L122,L386,169.2
R1122,L121,L253,144.9
R1123,L258,L197,266.1
R1124,L137,L031,92.5
R1125,L033,L248,12.9
R1126,L324,L119,256.3
R1127,L009,L138,157.4
R1128,L300,L346,32.9
R1129,L390,L284,184.2
R1130,L064,L156,161.3
R1131,L228,L042,237.7
R1132,L256,L104,220.3
R1133,L072,L192,153.6
R1134,L086,L401,72.4
R1135,L487,L216,269.4
R1136,L284,L231,16.5
R1137,L416,L237,269.3
R1138,L317,L148,184.6
R1139,L085,L000,21.5
R1140,L471,L246,80.2
R1141,L128,L430,192.0
R1142,L179,L432,178.9
R1143,L299,L431,145.3
R1144,L023,L083,208.3
R1145,L288,L035,87.7
R1146,L202,L358,38.8
R1147,L071,L372,158.0
R1148,L143,L450,123.8
R1149,L312,L258,268.3
R1150,L162,L453,192.6
R1151,L175,L326,76.9
R1152,L385,L362,129.5
R1153,L125,L340,275.3
R1154,L174,L107,131.4
R1155,L306,L168,9.4
R1156,L354,L068,182.8
R1157,L001,L312,136.0
R1158,L461,L004,190.0
R1159,L211,L285,251.2
R1160,L360,L250,214.7
R1161,L275,L041,221.5
R1162,L332,L334,26.3
R1163,L015,L457,233.8
R1164,L343,L227,189.9
R1165,L180,L498,228.5
R1166,L423,L307,103.4
R1167,L090,L430,216.2
R1168,L356,L004,39.3
R1169,L189,L480,58.1
R1170,L004,L114,209.4
R1171,L388,L143,192.2
R1172,L363,L183,57.7
R1173,L417,L314,176.9
R1174,L413,L367,65.8
R1175,L252,L496,104.8
R1176,L143,L253,253.7
R1177,L361,L310,62.5
R1178,L100,L421,180.6
R1179,L056,L446,81.3
R1180,L256,L252,51.9
R1181,L099,L338,208.2
R1182,L344,L350,170.8
R1183,L089,L033,166.7
R1184,L381,L033,40.0
R1185,L477,L291,240.3
R1186,L451,L267,205.4
R1187,L140,L098,238.1
R1188,L011,L497,195.6
R1189,L272,L315,74.6
R1190,L286,L453,129.8
R1191,L480,L218,181.3
R1192,L482,L332,19.3
R1193,L480,L165,124.0
R1194,L208,L140,38.5
R1195,L265,L238,141.3
R1196,L264,L389,17.0
R1197,L369,L114,17.9
R1198,L470,L215,151.4
R1199,L161,L002,112.8
R1200,L171,L041,247.0
R1201,L413,L012,277.3
R1202,L115,L354,121.6
R1203,L038,L470,73.7
R1204,L084,L169,90.5
R1205,L320,L321,31.6
R1206,L245,L221,227.2
R1207,L303,L409,177.2
R1208,L171,L431,73.9
R1209,L055,L243,70.5
R1210,L174,L427,20.0
R1211,L170,L267,223.4
R1212,L483,L037,218.3
R1213,L317,L224,215.1
R1214,L320,L228,164.2
R1215,L043,L499,21.7
R1216,L017,L194,91.2
R1217,L434,L355,22.9
R1218,L065,L031,257.8
R1219,L226,L028,87.9
R1220,L320,L221,23.1
R1221,L346,L028,158.8
R1222,L150,L436,109.9
R1223,L049,L317,211.8
R1224,L119,L443,169.9
R1225,L337,L319,7.9
R1226,L196,L238,223.7
R1227,L450,L317,175.3
R1228,L173,L334,262.8
R1229,L400,L013,129.9
R1230,L168,L301,57.9
R1231,L052,L006,168.7
R1232,L034,L304,222.1
R1233,L099,L464,162.6
R1234,L326,L260,75.5
R1235,L215,L247,204.3
R1236,L227,L095,71.9
R1237,L408,L022,21.6
R1238,L159,L300,124.9
R1239,L491,L333,212.5
R1240,L159,L299,248.4
R1241,L397,L074,45.5
R1242,L158,L309,99.3
R1243,L188,L497,7.2
R1244,L300,L337,191.5
R1245,L029,L122,144.5
R1246,L427,L286,241.1
R1247,L216,L176,58.7
R1248,L102,L328,254.8
R1249,L402,L035,98.9
R1250,L341,L243,196.1
R1251,L239,L308,195.4
R1252,L436,L296,160.7
R1253,L171,L316,87.4
R1254,L168,L083,33.8
R1255,L448,L404,255.4
R1256,L253,L112,258.0
R1257,L327,L114,195.6
R1258,L238,L320,63.6
R1259,L246,L377,216.3
R1260,L417,L169,227.0
R1261,L192,L105,115.1
R1262,L422,L003,104.8
R1263,L037,L184,13.3
R1264,L058,L073,84.9
R1265,L099,L324,166.1
R1266,L391,L184,17.1
R1267,L015,L102,59.4
R1268,L089,L113,248.5
R1269,L368,L089,98.4
R1270,L283,L125,54.1
R1271,L011,L091,236.8
R1272,L466,L051,10.8
R1273,L346,L070,109.2
R1274,L403,L454,35.5
R1275,L479,L107,88.9
R1276,L122,L190,227.6
R1277,L338,L087,263.8
R1278,L451,L222,246.6
R1279,L033,L061,44.7
R1280,L473,L066,223.6
R1281,L098,L273,109.0
R1282,L191,L162,169.9
R1283,L325,L125,258.3
R1284,L390,L315,166.5
R1285,L437,L274,85.9
R1286,L076,L168,73.0
R1287,L322,L408,82.0
R1288,L064,L436,144.8
R1289,L299,L454,139.5
R1290,L372,L041,220.8
R1291,L404,L339,174.1
R1292,L085,L261,111.7
R1293,L451,L330,211.6
R1294,L191,L256,147.7
R1295,L091,L165,200.9
R1296,L269,L356,137.9
R1297,L489,L253,135.3
R1298,L297,L205,180.5
R1299,L404,L298,183.7
R1300,L106,L113,251.1
R1301,L231,L442,69.5
R1302,L111,L157,121.9
R1303,L080,L479,236.7
R1304,L130,L282,28.3
R1305,L384,L043,86.1
R1306,L265,L180,68.3
R1307,L021,L239,145.9
R1308,L172,L219,129.1
R1309,L221,L209,106.1
R1310,L254,L162,80.1
R1311,L012,L092,126.5
R1312,L135,L331,25.9
R1313,L461,L042,86.0
R1314,L256,L263,155.3
R1315,L040,L403,81.0
R1316,L116,L050,37.6
R1317,L184,L019,155.2
R1318,L170,L100,190.7
R1319,L128,L155,209.9
R1320,L393,L349,237.5
R1321,L097,L362,171.1
R1322,L070,L438,211.9
R1323,L378,L278,255.9
R1324,L004,L395,87.4
R1325,L421,L177,220.4
R1326,L206,L485,116.6
R1327,L296,L388,185.2
R1328,L241,L335,146.0
R1329,L389,L488,46.1
R1330,L203,L116,67.4
R1331,L383,L107,135.5
R1332,L264,L301,221.1
R1333,L387,L239,203.7
R1334,L236,L174,222.8
R1335,L160,L434,56.7
R1336,L394,L483,196.9
R1337,L107,L225,128.7
R1338,L285,L015,108.0
R1339,L295,L448,40.3
R1340,L482,L377,7.7
R1341,L414,L337,234.4
R1342,L173,L115,120.3
R1343,L351,L386,115.9
R1344,L398,L353,152.8
R1345,L166,L301,11.4
R1346,L402,L016,258.6
R1347,L078,L488,278.4
R1348,L290,L323,224.8
R1349,L467,L311,162.8
R1350,L200,L195,61.2
R1351,L200,L032,152.0
R1352,L096,L244,34.9
R1353,L291,L493,129.2
R1354,L458,L155,30.6
R1355,L053,L346,157.0
R1356,L016,L424,194.5
R1357,L250,L013,56.3
R1358,L035,L467,269.8
R1359,L145,L105,69.1
R1360,L337,L268,24.2
R1361,L029,L189,147.6
R1362,L087,L168,241.4
R1363,L210,L200,48.2
R1364,L056,L067,152.5
R1365,L244,L381,23.9
R1366,L489,L462,243.1
R1367,L066,L446,61.6
R1368,L221,L419,200.2
R1369,L243,L081,171.0
R1370,L480,L158,166.6
R1371,L257,L367,193.3
R1372,L141,L103,7.0
R1373,L073,L229,22.6
R1374,L204,L310,227.1
R1375,L269,L168,255.3
R1376,L450,L251,131.6
R1377,L294,L020,207.8
R1378,L147,L331,247.3
R1379,L233,L177,197.6
R1380,L364,L406,86.8
R1381,L313,L422,227.7
R1382,L089,L213,73.5
R1383,L460,L316,206.6
R1384,L234,L196,255.5
R1385,L093,L358,161.4
R1386,L201,L358,265.1
R1387,L122,L454,244.4
R1388,L140,L452,177.7
R1389,L149,L342,257.0
R1390,L357,L372,203.7
R1391,L111,L466,140.7
R1392,L390,L283,38.3
R1393,L188,L039,212.7
R1394,L258,L393,219.4
R1395,L209,L231,50.3
R1396,L106,L260,17.3
R1397,L013,L038,180.7
R1398,L345,L384,132.0
R1399,L175,L382,114.8
R1400,L099,L204,15.4
R1401,L128,L058,200.0
R1402,L069,L168,189.3
R1403,L237,L249,131.9
R1404,L042,L281,185.7
R1405,L365,L487,125.4
R1406,L241,L421,81.8
R1407,L082,L088,235.6
R1408,L310,L051,53.7
R1409,L063,L274,208.9
R1410,L086,L039,189.6
R1411,L005,L347,80.1
R1412,L225,L183,53.9
R1413,L365,L017,250.5
R1414,L272,L110,126.6
R1415,L024,L429,179.6
R1416,L267,L329,187.2
R1417,L337,L460,33.3
R1418,L353,L157,127.1
R1419,L306,L002,18.4
R1420,L193,L393,60.5
R1421,L127,L192,254.9
R1422,L102,L046,9.4
R1423,L014,L007,97.7
R1424,L098,L349,189.0
R1425,L112,L491,247.6
R1426,L408,L428,233.4
R1427,L085,L371,50.9
R1428,L212,L263,34.6
R1429,L167,L165,159.6
R1430,L097,L320,62.0
R1431,L277,L202,263.2
R1432,L061,L119,63.8
R1433,L182,L165,52.7
R1434,L205,L335,92.0
R1435,L199,L108,131.2
R1436,L033,L337,229.1
R1437,L332,L319,106.5
R1438,L034,L454,65.1
R1439,L154,L393,169.7
R1440,L052,L365,152.4
R1441,L472,L435,161.5
R1442,L128,L492,31.1
R1443,L166,L324,196.5
R1444,L347,L474,272.4
R1445,L355,L068,96.3
R1446,L325,L390,248.1
R1447,L162,L436,188.3
R1448,L034,L172,9.9
R1449,L466,L299,128.5
R1450,L261,L328,209.0
R1451,L257,L301,198.8
R1452,L006,L120,10.8
R1453,L388,L460,39.1
R1454,L121,L378,122.8
R1455,L124,L318,26.8
R1456,L070,L192,142.1
R1457,L103,L077,108.3
R1458,L328,L019,70.5
R1459,L371,L306,276.9
R1460,L227,L379,246.3
R1461,L068,L143,92.3
R1462,L402,L389,15.9
R1463,L405,L212,183.2
R1464,L147,L385,11.5
R1465,L433,L375,96.1
R1466,L124,L105,153.3
R1467,L464,L470,187.9
R1468,L127,L411,194.0
R1469,L368,L113,172.2
R1470,L195,L267,93.5
R1471,L226,L323,6.7
R1472,L445,L251,24.2
R1473,L098,L026,179.5
R1474,L072,L481,61.2
R1475,L046,L089,168.0
R1476,L425,L407,261.2
R1477,L120,L260,26.5
R1478,L371,L239,90.7
R1479,L369,L101,72.4
R1480,L090,L311,73.5
R1481,L146,L296,128.3
R1482,L325,L103,79.8
R1483,L400,L246,27.0
R1484,L497,L184,114.5
R1485,L085,L242,126.4
R1486,L258,L313,207.1
R1487,L389,L079,230.4
R1488,L406,L246,10.4
R1489,L195,L219,239.9
R1490,L388,L465,258.4
R1491,L304,L275,47.0
R1492,L372,L089,75.8
R1493,L237,L156,129.7
R1494,L192,L288,171.7
R1495,L036,L171,42.6
R1496,L240,L100,47.5
R1497,L097,L002,8.5
R1498,L256,L374,204.5
R1499,L251,L207,259.6
R1500,L481,L202,271.9
R1501,L191,L197,139.6
R1502,L328,L301,24.6
R1503,L453,L019,277.9
R1504,L063,L198,261.3
R1505,L083,L100,214.8
R1506,L490,L130,217.1
R1507,L384,L369,100.9
R1508,L363,L250,179.6
R1509,L188,L357,20.9
R1510,L197,L475,121.6
R1511,L126,L124,136.4
R1512,L471,L416,104.4
R1513,L361,L346,12.8
R1514,L340,L330,45.7
R1515,L309,L233,264.7
R1516,L075,L131,73.0
R1517,L296,L488,187.2
R1518,L082,L006,37.1
R1519,L047,L330,200.7
R1520,L196,L204,199.2
R1521,L498,L461,27.1
R1522,L465,L096,245.9
R1523,L084,L425,122.4
R1524,L354,L154,142.7
R1525,L272,L338,248.8
R1526,L300,L157,206.8
R1527,L385,L449,259.2
R1528,L445,L045,35.1
R1529,L293,L398,224.3
R1530,L416,L073,79.0
R1531,L107,L477,210.8
R1532,L357,L157,6.8
R1533,L086,L418,140.2
R1534,L049,L035,217.8
R1535,L213,L269,119.6
R1536,L147,L376,123.5
R1537,L090,L192,56.3
R1538,L068,L102,138.8
R1539,L257,L486,35.3
R1540,L290,L417,63.5
R1541,L102,L030,211.2
R1542,L414,L388,57.8
R1543,L461,L446,117.4
R1544,L320,L468,176.7
R1545,L444,L325,50.7
R1546,L150,L043,108.9
R1547,L141,L032,99.1
R1548,L299,L120,136.4
R1549,L344,L390,32.7
R1550,L031,L137,211.7
R1551,L003,L341,165.2
R1552,L108,L268,222.7
R1553,L192,L309,148.0
R1554,L492,L389,78.1
R1555,L248,L242,213.2
R1556,L309,L219,97.6
R1557,L349,L456,99.3
R1558,L161,L419,70.9
R1559,L184,L341,114.6
R1560,L312,L029,273.2
R1561,L447,L169,226.7
R1562,L001,L234,244.4
R1563,L205,L372,234.7
R1564,L473,L071,12.1
R1565,L062,L445,150.9
R1566,L486,L358,211.6
R1567,L127,L189,129.3
R1568,L351,L337,244.2
R1569,L263,L211,186.6
R1570,L001,L327,268.3
R1571,L416,L164,9.6
R1572,L184,L448,17.6
R1573,L413,L376,94.5
R1574,L227,L119,171.9
R1575,L204,L379,173.5
R1576,L041,L179,122.7
R1577,L476,L483,261.0
R1578,L337,L439,197.4
R1579,L051,L376,110.8
R1580,L310,L099,200.8
R1581,L445,L266,246.0
R1582,L401,L439,202.1
R1583,L016,L066,141.9
R1584,L044,L155,233.9
R1585,L280,L448,133.4
R1586,L458,L228,267.6
R1587,L246,L340,153.7
R1588,L124,L108,51.9
R1589,L483,L337,197.5
R1590,L054,L223,278.2
R1591,L014,L083,260.5
R1592,L167,L463,110.5
R1593,L143,L112,202.8
R1594,L340,L243,266.7
R1595,L343,L063,188.0
R1596,L472,L273,179.2
R1597,L251,L046,223.8
R1598,L170,L447,66.5
R1599,L294,L393,259.1
R1600,L033,L330,99.4
R1601,L466,L367,209.3
R1602,L371,L195,184.8
R1603,L401,L287,270.7
R1604,L223,L414,69.2
R1605,L132,L059,85.0
R1606,L057,L045,98.6
R1607,L303,L480,56.7
R1608,L482,L059,162.5
R1609,L065,L437,91.2
R1610,L194,L296,207.7
R1611,L159,L031,167.3
R1612,L097,L434,111.7
R1613,L216,L163,217.1
R1614,L408,L347,261.8
R1615,L064,L267,187.5
R1616,L302,L113,34.3
R1617,L004,L276,239.4
R1618,L161,L074,229.4
R1619,L151,L429,65.2
R1620,L348,L233,45.5
R1621,L145,L074,210.4
R1622,L434,L410,232.6
R1623,L017,L307,93.0
R1624,L257,L353,39.0
R1625,L434,L361,162.8
R1626,L323,L425,64.3
R1627,L149,L361,270.8
R1628,L030,L415,96.6
R1629,L423,L366,62.9
R1630,L375,L479,227.9
R1631,L358,L377,19.5
R1632,L443,L397,54.2
R1633,L249,L373,112.7
R1634,L417,L337,255.9
R1635,L081,L011,155.7
R1636,L172,L217,191.4
R1637,L178,L388,112.6
R1638,L036,L271,204.9
R1639,L144,L357,258.8
R1640,L358,L439,155.7
R1641,L049,L068,93.9
R1642,L405,L297,243.1
R1643,L027,L436,262.0
R1644,L155,L235,185.0
R1645,L295,L070,126.5
R1646,L247,L149,251.7
R1647,L107,L112,226.2
R1648,L100,L377,184.1
R1649,L185,L372,240.4
R1650,L052,L348,221.0
R1651,L439,L075,108.6
R1652,L218,L348,236.5
R1653,L474,L028,31.4
R1654,L498,L242,54.4
R1655,L026,L061,274.6
R1656,L332,L173,168.2
R1657,L496,L076,177.4
R1658,L206,L125,14.3
R1659,L123,L204,139.4
R1660,L352,L305,267.5
R1661,L334,L382,108.2
R1662,L354,L408,189.5
R1663,L045,L399,132.5
R1664,L418,L332,110.1
R1665,L323,L335,127.4
R1666,L005,L062,37.1
R1667,L062,L251,181.4
R1668,L465,L260,66.9
R1669,L300,L293,276.5
R1670,L245,L140,195.8
R1671,L048,L407,168.0
R1672,L196,L248,280.0
R1673,L359,L222,87.0
R1674,L064,L050,94.4
R1675,L365,L466,242.1
R1676,L275,L094,116.5
R1677,L358,L010,113.3
R1678,L418,L274,220.5
R1679,L271,L250,22.6
R1680,L428,L299,153.2
R1681,L419,L404,184.2
R1682,L385,L386,62.1
R1683,L060,L093,242.1
R1684,L355,L092,6.5
R1685,L228,L410,91.4
R1686,L020,L066,163.1
R1687,L334,L082,29.2
R1688,L131,L436,212.1
R1689,L043,L064,144.2
R1690,L186,L495,154.7
R1691,L216,L484,186.0
R1692,L127,L154,17.7
R1693,L484,L265,253.8
R1694,L150,L338,151.9
R1695,L071,L296,139.9
R1696,L160,L268,255.5
R1697,L180,L311,153.0
R1698,L107,L353,32.2
R1699,L419,L022,70.2
R1700,L096,L072,87.4
R1701,L426,L110,268.3
R1702,L308,L282,64.4
R1703,L183,L142,40.3
R1704,L318,L216,25.4
R1705,L130,L134,110.0
R1706,L462,L083,115.0
R1707,L042,L484,74.9
R1708,L217,L482,196.0
R1709,L274,L104,24.4
R1710,L375,L137,278.7
R1711,L356,L330,58.0
R1712,L190,L289,185.8
R1713,L420,L261,171.4
R1714,L214,L421,47.2
R1715,L403,L222,109.2
R1716,L493,L309,73.1
R1717,L138,L063,151.2
R1718,L350,L280,116.9
R1719,L168,L328,29.5
R1720,L465,L170,219.0
R1721,L074,L445,224.5
R1722,L140,L005,31.9
R1723,L496,L113,109.1
R1724,L053,L401,259.5
R1725,L089,L270,205.3
R1726,L156,L302,230.9
R1727,L250,L048,150.5
R1728,L358,L292,243.0
R1729,L282,L138,172.1
R1730,L459,L024,52.0
R1731,L484,L384,112.1
R1732,L176,L413,208.9
R1733,L495,L403,151.2
R1734,L304,L452,238.6
R1735,L244,L304,40.1
R1736,L004,L352,146.2
R1737,L079,L337,39.8
R1738,L193,L291,207.2
R1739,L027,L471,204.5
R1740,L498,L189,199.6
R1741,L127,L348,172.4
R1742,L361,L234,55.4
R1743,L181,L409,133.9
R1744,L146,L141,267.0
R1745,L266,L483,202.6
R1746,L472,L416,67.9
R1747,L325,L440,28.9
R1748,L156,L209,216.9
R1749,L432,L046,179.5
R1750,L039,L374,71.0
R1751,L047,L085,163.2
R1752,L043,L381,83.6
R1753,L475,L252,227.3
R1754,L005,L493,265.8
R1755,L346,L260,261.4
R1756,L069,L246,141.9
R1757,L350,L346,249.2
R1758,L357,L063,116.5
R1759,L315,L097,255.5
R1760,L381,L003,201.4
R1761,L359,L273,211.2
R1762,L125,L379,186.8
R1763,L471,L421,279.8
R1764,L483,L270,193.1
R1765,L021,L311,128.4
R1766,L086,L346,260.8
R1767,L391,L268,253.5
R1768,L089,L038,105.9
R1769,L068,L264,102.2
R1770,L026,L217,141.3
R1771,L087,L192,271.7
R1772,L173,L468,191.7
R1773,L425,L276,239.0
R1774,L439,L060,84.8
R1775,L247,L150,77.8
R1776,L001,L378,178.6
R1777,L201,L111,258.8
R1778,L475,L478,268.8
R1779,L263,L423,250.7
R1780,L478,L237,250.4
R1781,L434,L249,20.8
R1782,L003,L316,131.6
R1783,L152,L182,34.5
R1784,L179,L456,203.7
R1785,L205,L181,7.4
R1786,L220,L252,59.3
R1787,L270,L263,252.1
R1788,L210,L063,256.1
R1789,L003,L080,216.6
R1790,L128,L115,134.4
R1791,L191,L153,105.2
R1792,L456,L093,152.5
R1793,L137,L055,277.1
R1794,L336,L430,125.8
R1795,L071,L182,210.5
R1796,L002,L184,248.0
R1797,L363,L101,35.4
R1798,L145,L020,41.8
R1799,L215,L381,96.1
R1800,L016,L083,188.2
R1801,L485,L245,268.9
R1802,L136,L060,120.8
R1803,L281,L253,225.0
R1804,L365,L065,94.3
R1805,L391,L400,247.5
R1806,L256,L372,259.0
R1807,L431,L422,111.9
R1808,L056,L491,34.7
R1809,L010,L065,47.8
R1810,L256,L006,216.0
R1811,L121,L026,191.5
R1812,L175,L220,273.5
R1813,L377,L004,124.4
R1814,L148,L144,138.6
R1815,L389,L219,73.1
R1816,L078,L374,145.6
R1817,L127,L144,215.9
R1818,L442,L134,278.4
R1819,L126,L342,230.7
R1820,L101,L243,199.3
R1821,L414,L052,197.8
R1822,L257,L313,54.8
R1823,L437,L302,177.9
R1824,L076,L118,38.1
R1825,L205,L019,80.3
R1826,L098,L476,45.2
R1827,L009,L316,59.9
R1828,L442,L026,109.6
R1829,L268,L156,197.5
R1830,L118,L113,97.4
R1831,L245,L031,145.2
R1832,L329,L026,88.7
R1833,L137,L187,82.2
R1834,L179,L365,120.0
R1835,L163,L459,18.1
R1836,L020,L000,19.3
R1837,L381,L164,63.3
R1838,L241,L143,254.8
R1839,L051,L221,55.8
R1840,L485,L251,105.0
R1841,L155,L057,31.6
R1842,L006,L350,156.7
R1843,L441,L066,96.1
R1844,L379,L415,104.4
R1845,L398,L301,150.4
R1846,L190,L121,183.8
R1847,L107,L300,110.6
R1848,L454,L054,40.9
R1849,L380,L308,38.1
R1850,L300,L496,255.8
R1851,L335,L419,57.4
R1852,L360,L228,259.5
R1853,L038,L483,155.3
R1854,L175,L154,204.5
R1855,L389,L103,151.7
R1856,L078,L022,40.2
R1857,L214,L282,200.7
R1858,L456,L449,213.8
R1859,L433,L465,159.1
R1860,L177,L459,105.7
R1861,L322,L368,37.3
R1862,L223,L034,137.8
R1863,L268,L477,266.9
R1864,L404,L011,50.9
R1865,L140,L357,271.1
R1866,L148,L023,267.8
R1867,L031,L407,272.4
R1868,L097,L380,229.0
R1869,L253,L351,151.4
R1870,L262,L498,25.6
R1871,L224,L385,145.1
R1872,L287,L400,112.3
R1873,L310,L139,61.9
R1874,L001,L082,162.3
R1875,L303,L357,7.4
R1876,L475,L404,146.0
R1877,L257,L363,203.2
R1878,L132,L156,239.4
R1879,L151,L363,78.8
R1880,L060,L088,66.6
R1881,L273,L121,85.3
R1882,L327,L075,264.1
R1883,L142,L475,41.6
R1884,L447,L404,19.2
R1885,L127,L422,62.7
R1886,L059,L000,183.4
R1887,L323,L309,272.4
R1888,L166,L042,265.3
R1889,L452,L281,77.6
R1890,L068,L210,252.0
R1891,L150,L167,275.9
R1892,L320,L418,7.9
R1893,L182,L112,205.9
R1894,L143,L090,75.4
R1895,L008,L276,185.8
R1896,L444,L398,263.2
R1897,L298,L054,203.7
R1898,L352,L195,265.1
R1899,L131,L446,177.2
R1900,L309,L282,61.7
R1901,L226,L112,94.2
R1902,L104,L298,178.2
R1903,L439,L385,113.8
R1904,L228,L118,205.7
R1905,L222,L188,45.8
R1906,L245,L047,141.4
R1907,L235,L094,229.3
R1908,L090,L097,161.7
R1909,L482,L373,54.6
R1910,L144,L010,90.3
R1911,L453,L090,229.8
R1912,L351,L311,56.7
R1913,L073,L036,122.3
R1914,L232,L466,182.4
R1915,L206,L051,204.2
R1916,L070,L373,211.4
R1917,L006,L309,32.4
R1918,L196,L010,35.3
R1919,L006,L391,233.4
R1920,L478,L022,41.3
R1921,L394,L042,78.6
R1922,L307,L006,222.9
R1923,L004,L491,222.7
R1924,L277,L377,230.0
R1925,L436,L362,28.4
R1926,L071,L246,213.9
R1927,L456,L227,229.3
R1928,L157,L170,136.7
R1929,L124,L028,154.5
R1930,L136,L322,154.5
R1931,L010,L423,17.2
R1932,L278,L151,33.2
R1933,L453,L428,119.2
R1934,L000,L468,66.7
R1935,L116,L219,111.0
R1936,L180,L336,83.9
R1937,L471,L450,193.2
R1938,L351,L453,201.6
R1939,L461,L057,140.3
R1940,L056,L115,33.0
R1941,L489,L144,103.3
R1942,L315,L170,37.5
R1943,L472,L474,258.0
R1944,L458,L022,171.2
R1945,L091,L220,150.9
R1946,L307,L092,191.8
R1947,L076,L458,188.5
R1948,L154,L320,229.8
R1949,L178,L449,33.6
R1950,L469,L255,187.0
R1951,L477,L135,227.9
R1952,L364,L409,26.0
R1953,L001,L442,261.6
R1954,L076,L399,185.4
R1955,L163,L075,112.4
R1956,L369,L408,221.0
R1957,L244,L418,23.5
R1958,L295,L218,268.9
R1959,L142,L074,29.9
R1960,L065,L094,216.1
R1961,L180,L163,140.9
R1962,L246,L356,272.5
R1963,L308,L407,180.1
R1964,L483,L334,258.4
R1965,L196,L215,156.1
R1966,L275,L273,140.5
R1967,L274,L421,68.3
R1968,L042,L298,201.6
R1969,L269,L296,218.6
R1970,L415,L383,65.3
R1971,L044,L121,104.5
R1972,L104,L436,9.7
R1973,L285,L242,268.3
R1974,L471,L056,21.4
R1975,L178,L185,238.4
R1976,L443,L398,230.2
R1977,L150,L236,44.6
R1978,L436,L282,272.3
R1979,L467,L215,71.7
R1980,L423,L114,20.4
R1981,L070,L060,269.6
R1982,L360,L073,108.8
R1983,L013,L357,270.4
R1984,L190,L027,197.9
R1985,L339,L297,25.3
R1986,L428,L304,244.4
R1987,L187,L072,26.7
R1988,L039,L006,161.5
R1989,L416,L213,46.2
R1990,L093,L241,209.5
R1991,L383,L270,197.1
R1992,L153,L241,118.2
R1993,L172,L228,219.9
R1994,L355,L006,83.9
R1995,L079,L030,247.3
R1996,L016,L310,211.6
R1997,L257,L082,8.0
R1998,L426,L216,192.0
R1999,L448,L232,157.4
R2000,L424,L132,257.8
R2001,L256,L156,200.1
R2002,L216,L477,48.1
R2003,L498,L047,148.4
R2004,L486,L064,209.4
R2005,L205,L317,20.4
R2006,L200,L094,231.2
R2007,L499,L286,171.4
R2008,L039,L419,195.4
R2009,L244,L160,184.5
R2010,L207,L424,109.6
R2011,L027,L412,107.2
R2012,L217,L099,79.2
R2013,L053,L039,104.7
R2014,L398,L434,97.3
R2015,L122,L145,49.8
R2016,L054,L033,63.3
R2017,L465,L158,56.6
R2018,L103,L327,260.5
R2019,L123,L138,28.4
R2020,L291,L289,17.3
R2021,L404,L247,17.6
R2022,L161,L047,264.5
R2023,L004,L183,211.7
R2024,L490,L203,142.6
R2025,L161,L385,112.4
R2026,L182,L499,40.6
R2027,L345,L049,96.1
R2028,L459,L379,143.5
R2029,L257,L414,218.1
R2030,L407,L195,136.2
R2031,L444,L436,15.3
R2032,L082,L077,192.7
R2033,L040,L454,177.1
R2034,L487,L367,68.7
R2035,L110,L414,192.4
R2036,L072,L394,202.6
R2037,L493,L256,147.0
R2038,L373,L311,184.1
R2039,L476,L393,98.9
R2040,L402,L067,98.2
R2041,L184,L320,240.4
R2042,L220,L020,249.9
R2043,L396,L349,111.6
R2044,L106,L313,171.9
R2045,L490,L078,160.9
R2046,L254,L049,226.3
R2047,L073,L393,244.4
R2048,L280,L445,271.5
R2049,L400,L459,29.0
R2050,L048,L233,91.3
R2051,L478,L151,49.4
R2052,L143,L296,104.9
R2053,L045,L036,54.3
R2054,L395,L235,75.9
R2055,L242,L131,214.9
R2056,L226,L333,259.1
R2057,L481,L063,272.2
R2058,L249,L020,105.0
R2059,L146,L206,117.5
R2060,L317,L470,192.2
R2061,L225,L187,145.9
R2062,L319,L488,91.3
R2063,L042,L350,118.6
R2064,L230,L134,246.3
R2065,L349,L021,175.7
R2066,L329,L029,208.8
R2067,L125,L359,230.8
R2068,L004,L080,239.6
R2069,L148,L193,48.5
R2070,L204,L438,25.1
R2071,L198,L448,132.1
R2072,L047,L179,133.1
R2073,L328,L273,252.5
R2074,L238,L055,28.6
R2075,L374,L055,257.3
R2076,L472,L203,216.3
R2077,L102,L206,95.4
R2078,L162,L176,279.0
R2079,L248,L108,198.1
R2080,L243,L058,81.6
R2081,L019,L280,47.8
R2082,L240,L074,181.1
R2083,L163,L291,13.6
R2084,L307,L397,109.6
R2085,L479,L413,104.4
R2086,L220,L243,63.7
R2087,L108,L445,11.3
R2088,L388,L350,121.3
R2089,L129,L326,53.4
R2090,L072,L035,80.3
R2091,L041,L153,245.3
R2092,L231,L447,120.4
R2093,L109,L343,250.6
R2094,L094,L426,19.8
R2095,L458,L462,122.8
R2096,L493,L385,86.6
R2097,L101,L179,264.0
R2098,L246,L243,152.3
R2099,L401,L082,270.5
R2100,L223,L181,256.0
R2101,L292,L199,231.3
R2102,L287,L401,250.8
R2103,L101,L039,203.7
R2104,L296,L316,44.8
R2105,L340,L422,263.2
R2106,L380,L423,207.6
R2107,L162,L007,46.4
R2108,L234,L479,45.6
R2109,L442,L162,36.2
R2110,L496,L345,116.8
R2111,L266,L370,6.0
R2112,L230,L483,233.9
R2113,L064,L325,128.6
R2114,L496,L296,31.8
R2115,L111,L382,274.2
R2116,L215,L357,155.2
R2117,L085,L308,108.8
R2118,L178,L107,266.9
R2119,L497,L347,163.6
R2120,L007,L190,228.8
R2121,L459,L157,143.1
R2122,L444,L063,197.3
R2123,L332,L233,118.9
R2124,L180,L181,232.8
R2125,L218,L268,272.9
R2126,L171,L058,259.7
R2127,L234,L219,107.6
R2128,L283,L305,49.7
R2129,L223,L195,83.4
R2130,L337,L353,192.1
R2131,L324,L145,198.1
R2132,L480,L473,254.1
R2133,L050,L044,226.6
R2134,L053,L045,183.6
R2135,L315,L478,118.1
R2136,L254,L384,211.7
R2137,L474,L278,32.4
R2138,L227,L258,164.8
R2139,L016,L342,84.7
R2140,L215,L108,66.3
R2141,L232,L283,109.8
R2142,L100,L439,134.1
R2143,L063,L180,271.1
R2144,L467,L237,118.6
R2145,L420,L330,198.6
R2146,L379,L202,7.1
R2147,L191,L401,66.6
R2148,L145,L137,246.9
R2149,L135,L158,235.6
R2150,L407,L466,119.0
R2151,L123,L002,252.6
R2152,L212,L016,9.3
R2153,L078,L405,108.0
R2154,L418,L265,230.5
R2155,L307,L162,97.1
R2156,L491,L292,278.0
R2157,L123,L285,272.7
R2158,L098,L316,182.2
R2159,L424,L026,225.4
R2160,L295,L219,40.4
R2161,L325,L199,273.8
R2162,L088,L207,253.6
R2163,L264,L081,125.3
R2164,L050,L364,225.3
R2165,L258,L060,178.6
R2166,L401,L200,236.8
R2167,L321,L470,76.6
R2168,L283,L081,265.9
R2169,L104,L047,30.6
R2170,L223,L005,177.9
R2171,L303,L078,12.7
R2172,L362,L278,258.2
R2173,L040,L293,110.2
R2174,L380,L375,40.9
R2175,L232,L325,178.7
R2176,L183,L095,70.9
R2177,L459,L113,86.7
R2178,L274,L431,72.4
R2179,L399,L414,221.2
R2180,L394,L133,186.3
R2181,L140,L042,262.1
R2182,L321,L011,180.6
R2183,L296,L444,33.4
R2184,L235,L475,168.9
R2185,L054,L073,82.7
R2186,L458,L092,30.5
R2187,L253,L433,104.4
R2188,L429,L106,112.5
R2189,L251,L408,11.0
R2190,L037,L250,268.8
R2191,L039,L108,194.0
R2192,L192,L456,91.2
R2193,L465,L230,227.4
R2194,L092,L153,7.8
R2195,L091,L338,161.0
R2196,L310,L438,13.6
R2197,L499,L175,278.3
R2198,L247,L315,170.0
R2199,L002,L082,148.5
R2200,L130,L475,38.4
R2201,L310,L015,152.4
R2202,L265,L262,214.3
R2203,L110,L444,105.3
R2204,L460,L111,13.1
R2205,L070,L113,27.9
R2206,L354,L482,39.8
R2207,L140,L247,59.8
R2208,L362,L282,184.3
R2209,L239,L382,227.5
R2210,L223,L263,265.2
R2211,L472,L098,73.8
R2212,L101,L352,237.7
R2213,L367,L143,269.5
R2214,L052,L299,223.1
R2215,L300,L159,50.6
R2216,L105,L489,203.6
R2217,L221,L453,127.7
R2218,L305,L383,79.7
R2219,L163,L319,34.6
R2220,L196,L220,59.9
R2221,L180,L192,251.9
R2222,L419,L032,128.6
R2223,L455,L017,268.5
R2224,L129,L301,117.7
R2225,L309,L424,246.2
R2226,L486,L495,150.9
R2227,L203,L015,36.5
R2228,L414,L165,123.1
R2229,L095,L184,72.5
R2230,L110,L337,107.2
R2231,L074,L400,91.5
R2232,L004,L164,194.3
R2233,L367,L168,63.8
R2234,L290,L408,93.4
R2235,L119,L288,23.2
R2236,L145,L309,63.3
R2237,L111,L052,159.3
R2238,L366,L311,265.2
R2239,L413,L441,189.6
R2240,L293,L458,182.7
R2241,L349,L388,124.7
R2242,L416,L163,59.5
R2243,L025,L411,140.8
R2244,L023,L141,120.8
R2245,L063,L232,52.1
R2246,L167,L303,110.3
R2247,L295,L010,83.4
R2248,L329,L402,240.4
R2249,L002,L467,132.0
R2250,L067,L431,270.9
R2251,L018,L459,151.7
R2252,L270,L020,97.8
R2253,L008,L036,134.2
R2254,L424,L410,119.1
R2255,L154,L140,92.2
R2256,L177,L205,26.9
R2257,L396,L160,140.8
R2258,L024,L202,87.1
R2259,L232,L253,238.4
R2260,L495,L466,38.4
R2261,L191,L481,174.9
R2262,L014,L115,18.2
R2263,L005,L072,33.9
R2264,L165,L442,194.1
R2265,L223,L115,51.8
R2266,L097,L371,253.1
R2267,L188,L418,253.3
R2268,L002,L479,194.3
R2269,L026,L133,247.9
R2270,L022,L057,18.2
R2271,L155,L038,77.5
R2272,L352,L313,222.7
R2273,L194,L138,197.1
R2274,L473,L070,165.4
R2275,L061,L065,92.8
R2276,L075,L386,165.6
R2277,L435,L495,251.3
R2278,L326,L228,188.8
R2279,L267,L271,71.1
R2280,L244,L339,139.8
R2281,L143,L165,217.5
R2282,L247,L115,30.2
R2283,L392,L151,200.6
R2284,L180,L286,234.8
R2285,L124,L338,183.0
R2286,L438,L105,196.1
R2287,L038,L498,141.0
R2288,L108,L006,189.4
R2289,L239,L420,110.9
R2290,L249,L053,98.6
R2291,L416,L302,214.4
R2292,L263,L440,91.2
R2293,L483,L159,199.8
R2294,L335,L078,238.1
R2295,L054,L469,40.8
R2296,L469,L186,111.0
R2297,L231,L445,175.6
R2298,L103,L400,115.1
R2299,L035,L143,121.4
R2300,L351,L157,266.7
R2301,L295,L332,33.1
R2302,L236,L449,34.5
R2303,L056,L124,9.6
R2304,L235,L095,78.4
R2305,L243,L339,151.0
R2306,L180,L135,37.5
R2307,L281,L043,102.5
R2308,L108,L077,114.2
R2309,L220,L261,96.8
R2310,L225,L139,106.7
R2311,L025,L333,110.2
R2312,L475,L216,58.3
R2313,L096,L207,53.6
R2314,L141,L272,172.0
R2315,L265,L221,35.0
R2316,L025,L331,73.5
R2317,L056,L113,36.7
R2318,L458,L018,163.2
R2319,L122,L033,151.3
R2320,L141,L115,247.7
R2321,L358,L367,116.3
R2322,L201,L051,65.5
R2323,L421,L451,195.2
R2324,L253,L105,52.0
R2325,L104,L178,180.1
R2326,L361,L305,84.2
R2327,L001,L049,55.9
R2328,L464,L358,176.1
R2329,L378,L156,239.5
R2330,L352,L122,51.8
R2331,L348,L035,50.8
R2332,L170,L461,130.2
R2333,L492,L006,188.2
R2334,L219,L171,10.7
R2335,L498,L135,247.3
R2336,L087,L348,214.1
R2337,L004,L305,101.8
R2338,L242,L299,5.3
R2339,L447,L126,135.0
R2340,L023,L420,9.8
R2341,L348,L148,234.7
R2342,L268,L257,51.0
R2343,L075,L397,30.8
R2344,L155,L412,207.5
R2345,L231,L252,207.1
R2346,L279,L131,187.4
R2347,L129,L187,131.2
R2348,L423,L180,87.8
R2349,L170,L457,147.4
R2350,L339,L439,242.9
R2351,L431,L305,138.2
R2352,L138,L352,147.8
R2353,L327,L010,45.7
R2354,L210,L439,65.6
R2355,L072,L183,141.9
R2356,L125,L296,208.8
R2357,L498,L220,103.8
R2358,L381,L045,58.3
R2359,L488,L193,180.7
R2360,L494,L140,246.2
R2361,L347,L278,252.3
R2362,L230,L491,245.9
R2363,L089,L136,255.3
R2364,L178,L455,96.1
R2365,L301,L213,264.9
R2366,L141,L159,57.4
R2367,L296,L266,198.0
R2368,L427,L313,38.8
R2369,L407,L232,160.8
R2370,L405,L406,100.4
R2371,L056,L497,7.3
R2372,L474,L350,45.5
R2373,L348,L076,148.9
R2374,L148,L320,158.5
R2375,L083,L156,138.9
R2376,L033,L410,86.0
R2377,L232,L020,64.8
R2378,L422,L303,38.9
R2379,L250,L156,6.4
R2380,L180,L339,234.4
R2381,L025,L129,42.9
R2382,L449,L145,220.9
R2383,L257,L341,268.6
R2384,L287,L079,267.3
R2385,L365,L138,44.2
R2386,L375,L100,123.8
R2387,L470,L041,85.0
R2388,L016,L243,261.6
R2389,L127,L416,191.6
R2390,L197,L217,114.8
R2391,L462,L050,250.6
R2392,L471,L154,169.2
R2393,L088,L289,124.8
R2394,L448,L165,226.2
R2395,L071,L350,216.1
R2396,L128,L069,119.5
R2397,L102,L155,88.9
R2398,L152,L291,260.0
R2399,L236,L280,55.4
R2400,L400,L449,234.3
R2401,L049,L071,149.8
R2402,L355,L160,143.5
R2403,L350,L365,103.3
R2404,L181,L219,133.3
R2405,L492,L210,131.9
R2406,L467,L286,12.3
R2407,L392,L215,29.3
R2408,L071,L315,254.4
R2409,L402,L124,164.6
R2410,L191,L065,175.7
R2411,L460,L289,246.4
R2412,L027,L387,237.4
R2413,L064,L207,189.3
R2414,L236,L414,214.8
R2415,L265,L235,235.8
R2416,L043,L028,79.3
R2417,L332,L054,96.7
R2418,L049,L421,84.9
R2419,L246,L354,96.1
R2420,L031,L063,208.6
R2421,L345,L261,208.3
R2422,L027,L360,61.4
R2423,L073,L288,208.6
R2424,L253,L069,66.5
R2425,L345,L327,239.4
R2426,L154,L322,90.5
R2427,L479,L003,226.5
R2428,L319,L353,60.2
R2429,L034,L000,47.1
R2430,L450,L061,148.0
R2431,L126,L104,33.5
R2432,L012,L427,144.1
R2433,L200,L028,259.7
R2434,L153,L208,138.0
R2435,L094,L420,69.6
R2436,L434,L279,76.6
R2437,L313,L349,125.8
R2438,L336,L315,38.9
R2439,L074,L326,11.0
R2440,L072,L420,209.8
R2441,L123,L087,145.7
R2442,L358,L279,60.1
R2443,L245,L148,84.6
R2444,L051,L492,166.9
R2445,L188,L342,80.7
R2446,L197,L358,225.0
R2447,L237,L213,228.7
R2448,L075,L014,82.9
R2449,L061,L289,112.1
R2450,L297,L155,14.4
R2451,L333,L458,185.7
R2452,L227,L021,254.7
R2453,L181,L493,43.3
R2454,L451,L370,131.0
R2455,L004,L082,103.4
R2456,L438,L441,143.4
R2457,L178,L463,199.2
R2458,L199,L263,22.3
R2459,L335,L077,101.8
R2460,L368,L288,98.3
R2461,L366,L440,221.3
R2462,L142,L402,214.7
R2463,L155,L473,113.3
R2464,L469,L429,182.4
R2465,L192,L493,134.7
R2466,L337,L092,163.4
R2467,L474,L259,218.2
R2468,L269,L132,40.6
R2469,L165,L302,267.7
R2470,L178,L300,174.8
R2471,L206,L034,17.4
R2472,L436,L375,48.8
R2473,L049,L341,34.2
R2474,L478,L347,136.0
R2475,L389,L118,274.9
R2476,L413,L470,206.5
R2477,L121,L053,252.4
R2478,L089,L373,250.4
R2479,L386,L499,120.5
R2480,L032,L031,173.3
R2481,L058,L019,237.9
R2482,L037,L227,214.9
R2483,L310,L324,236.2
R2484,L472,L089,93.3
R2485,L357,L230,108.8
R2486,L326,L293,158.0
R2487,L100,L130,140.1
R2488,L347,L146,67.0
R2489,L379,L082,124.4
R2490,L270,L415,222.3
R2491,L044,L299,11.7
R2492,L491,L342,31.5
R2493,L017,L415,43.7
R2494,L002,L185,218.0
R2495,L290,L279,242.7
R2496,L174,L094,192.6
R2497,L490,L466,205.3
R2498,L270,L254,57.3
R2499,L106,L293,232.6
R2500,L256,L180,103.0
